Seq,A,R,N,D,C,Q,E,G,H,I,L,K,M,F,P,S,T,W,Y,V
L,-5,-6,-7,-7,-5,-6,-7,-7,-6,-2,6,-6,-2,5,-7,-6,-5,-4,-3,-3
L,-6,-7,-8,-8,-6,-6,-7,-8,-7,4,5,-7,8,-4,-7,-7,-5,-6,-6,-3
S,4,-7,-6,-7,-7,-7,-7,1,-7,-8,-8,-7,-7,-9,1,5,1,-9,-8,-7
S,2,4,-7,-8,-8,-7,-8,1,-8,-9,-9,-7,-9,-10,-8,5,2,-10,-9,-9
E,-9,5,-8,-1,-11,1,4,1,-8,-10,-9,-7,5,-8,-10,-8,-9,-9,5,-9
K,-9,1,-8,4,-11,4,1,-2,-8,-2,-10,6,-9,-11,-9,0,-8,-11,-10,-10
L,-10,-11,-12,-12,-10,-11,-12,-12,-12,6,4,-11,-7,-9,-11,-11,-9,2,-10,4
I,-2,-11,-12,-12,-10,-11,-11,-12,-12,6,-2,-11,-8,-9,-11,-10,-2,4,-10,6
A,5,-11,-11,-11,2,-10,-10,0,-11,0,2,-10,-8,-10,-10,-3,-9,-11,-10,3
I,-10,-12,-12,-12,-10,-11,-12,-13,-12,8,0,-11,2,-9,-12,-11,-9,-11,-10,2
G,2,-11,-9,-10,-11,-10,-11,8,-11,-12,-12,-10,-11,-12,-11,-9,-10,-11,-12,-11
A,5,-10,-9,-10,-9,-9,-10,-2,-10,-9,-10,-9,-10,-11,-10,4,3,-11,-11,1
S,-7,-9,-8,-9,-10,-9,-9,-9,-10,-11,-11,-9,-10,-11,-10,8,-7,-12,-10,-10
T,2,-10,-9,-10,-10,-10,-10,-10,-11,-9,1,-10,-9,-10,-10,-8,8,-11,-10,-9
G,-8,-11,-9,-10,-11,-11,-11,8,-11,-13,-13,-10,-12,-12,-11,-9,-10,-11,-12,-12
G,-2,-11,-9,-10,-11,-11,-11,8,-11,-13,-12,-10,-11,-12,-11,-9,-10,-11,-12,-12
T,-9,-11,-11,-11,-11,-10,-10,-11,-11,-9,0,-10,-10,-11,8,-9,2,-12,-11,2
E,2,2,1,-9,-11,4,3,-2,-9,-10,-11,2,-10,-11,-3,1,-9,-12,-11,2
A,7,-10,-10,-10,-9,0,-9,-9,-10,-10,-10,-9,-10,-11,-10,1,0,-11,-11,-1
I,-10,-11,-12,-12,-10,-11,-12,-12,-12,2,6,-11,-7,1,-12,-11,-10,-10,-9,2
R,-1,3,-9,-3,-12,4,4,-11,-9,-2,-3,4,0,2,-10,-4,-10,-11,-1,-10
H,2,1,-9,-1,-11,2,1,-10,4,-3,-10,3,2,0,-10,0,3,-11,0,-3
V,-10,-12,-12,-12,-10,-11,-12,-12,-12,5,1,-12,0,5,-12,-11,-10,-10,-9,5
L,-10,-11,-12,-13,-10,-11,-12,-13,-12,3,6,-12,-7,4,-12,-11,-10,-10,-9,-8
Q,0,1,-9,1,0,2,-9,1,-10,-11,-3,1,-10,-12,3,2,3,-12,-11,-10
P,1,0,1,0,-11,2,1,-2,4,-11,-2,3,0,-2,0,2,-9,-11,-2,-11
L,-10,-11,-12,-13,-10,-11,-12,-13,-11,3,6,-11,4,4,-12,-11,-10,-10,-9,-8
P,-10,-2,-10,1,-12,-10,-10,-11,-11,-12,-12,-1,-11,-13,9,-3,-10,-13,-12,-11
L,4,-2,-8,-2,-9,-8,1,2,-9,-8,-4,2,-1,-9,0,0,-3,1,-9,1
S,-1,-10,4,6,-11,-3,-1,0,-1,-12,-12,-1,-11,-12,-10,1,0,-12,-11,-11
S,-2,-11,1,-11,3,-2,-11,-11,-10,0,3,-11,-9,6,-11,2,1,-10,0,-9
P,1,-10,-10,-2,-11,2,-10,1,-11,-2,-3,-3,-10,-12,7,-9,-1,-12,-11,-3
A,5,-2,-9,-9,2,-9,-9,1,-9,-9,-10,-9,-9,-10,6,-8,-8,-10,-10,-9
V,-10,-12,-12,-12,-10,-11,-12,-12,-12,6,-2,-11,-8,5,-4,-11,-1,-11,-9,5
I,-1,-11,-12,-12,-10,-11,-12,-12,-12,3,4,-11,-8,3,-12,-11,-9,-11,-9,6
I,-10,-12,-12,-12,-10,-11,-12,-13,-11,7,1,-11,-8,-9,-12,-11,-9,-11,2,5
T,1,-11,0,-11,1,-11,-11,-11,-11,2,-8,-11,-8,-10,-11,-9,3,-12,-10,7
Q,-10,-8,-9,-9,-12,10,-7,-11,-8,-1,-11,-8,-9,-12,-10,-9,-10,-11,-10,-2
H,-11,-9,-8,-10,-12,-8,-9,-11,12,-12,-12,-10,-10,-10,-11,-10,-11,-11,-7,-12
M,-10,-1,-11,-12,-10,-10,-11,-12,-11,2,1,-10,11,-9,-12,-11,-10,-11,-10,0
P,-10,-11,-2,4,-12,-10,-9,-2,1,-12,-12,-10,-11,-12,8,1,-10,-13,-11,-11
P,4,-3,-2,0,-11,-1,2,-4,-2,-11,-11,0,-11,-12,6,-9,-9,-12,-11,-3
G,-1,-1,-1,-10,-11,1,-10,6,2,-11,-12,1,-11,-12,-11,2,2,-12,-11,-3
F,-2,-11,-11,-12,-11,-11,-12,-2,3,-9,-9,-12,-9,9,-12,-2,-11,-8,-6,-10
T,-1,-1,-9,-1,1,-9,-1,-11,-10,1,-10,1,-10,-11,-10,-8,7,-12,-11,-3
R,3,3,-9,0,-11,1,1,-2,-10,-11,-11,3,-10,-12,1,2,0,-12,-11,-11
S,2,-2,0,-9,-10,0,1,1,-10,2,-1,-9,-10,-11,-10,5,0,-12,-11,-9
F,-11,-11,-12,-13,-11,-11,-12,-12,-11,-8,5,-12,6,7,-12,-11,-10,-9,-8,-3
A,7,-2,-10,-11,-10,-10,-10,-9,0,-10,-10,-10,-10,-11,0,-3,0,-12,-11,0
E,-2,-1,0,3,-12,3,5,0,0,-12,-12,2,0,-12,-10,-1,-2,-12,-2,-11
R,-2,7,0,-11,-11,0,-10,-11,2,2,0,-8,2,-10,-11,-2,-10,6,-10,-10
L,-10,-11,-13,-13,-10,-11,-12,-13,-12,3,7,-12,-7,0,-12,-12,-10,-11,-10,-1
N,1,-10,7,5,-11,-1,-9,1,-9,-12,-12,-9,-11,-12,-11,0,-1,-13,-11,-11
K,1,5,1,-3,-11,1,-2,-2,2,-2,-11,2,-10,-1,-3,3,-4,-12,-10,-11
L,-2,-1,-2,-10,-11,0,0,-11,6,1,3,-1,-9,-10,-11,0,1,-11,1,0
C,-3,-11,-10,-11,9,-10,-11,-10,-11,-10,-2,-10,-10,-2,-11,5,4,-11,-11,-3
Q,2,2,2,-3,-11,5,1,0,-1,-11,-1,3,-10,-12,0,-9,-10,-12,-11,-11
I,-5,-11,-12,-12,-10,0,-11,-12,-11,6,4,-11,6,-9,-2,-11,-10,4,-1,-3
S,-10,1,2,0,-12,1,2,-11,3,-12,-12,1,-11,-12,5,0,2,-12,-11,-5
V,-2,-12,-12,-1,0,-11,-11,-12,-12,1,-8,-11,-8,-10,-11,-10,-9,-12,-10,8
K,-4,3,-9,-10,-12,0,-4,-11,-10,-11,-3,7,-10,-11,-10,-1,1,-11,1,-2
E,-10,-9,0,-8,-12,-1,8,-11,-9,-11,-2,-8,-10,-12,-2,-9,0,-12,-11,-3
A,7,-8,-9,-9,-8,-8,-8,-8,-9,-1,-8,-8,-8,-9,-8,-7,-2,-9,-8,4
E,-4,3,0,-7,-9,3,6,-9,-8,-9,-9,1,-8,-9,-8,-4,1,-9,-9,0
D,-8,-1,3,8,-9,-7,2,-8,3,-9,-9,-8,-9,-9,-8,-8,-8,-9,-9,-9
G,-2,-2,1,-3,-9,-1,-1,7,-8,-9,-9,0,-9,-9,-9,-8,-8,-9,-9,-3
E,1,-8,-8,4,-9,-7,6,-8,-8,-8,-2,-8,5,-9,-8,-1,-8,-9,-9,-3
R,1,4,-8,0,-9,-3,1,-4,-8,2,0,-2,1,-2,2,-3,-3,-9,-8,1
V,-4,-11,-12,-12,-10,-11,-12,-12,-12,4,4,-11,0,-9,0,-11,-10,-11,0,5
L,-1,4,-10,-10,0,2,4,-3,-10,-2,1,2,1,-11,-4,-10,-3,-12,-11,0
P,2,-1,-2,-1,3,-2,-4,-1,-11,-11,-12,-3,-11,-12,7,2,-4,-12,-11,-5
G,-9,-2,4,1,-12,-10,-10,7,-10,-13,-13,-10,-12,-12,-11,-9,-10,-12,-12,-12
H,-10,2,-10,-10,4,1,0,-11,6,-2,-1,1,-9,-2,-11,-9,4,-11,-1,2
A,4,-11,-12,-12,0,-11,-11,-3,-12,2,-9,-11,-9,-10,-3,-10,-9,-12,-10,7
Y,-11,-11,-12,-12,-11,-11,-11,-12,-8,1,2,-11,2,0,-12,-11,-10,-7,9,-9
I,-10,-12,-12,-12,-10,-12,-12,-13,-12,6,3,-12,-8,-9,-12,-11,-10,-12,-10,6
A,7,-11,-11,-11,4,-10,-10,-9,-1,2,-10,-10,-10,-11,-10,-3,-2,-12,-11,-1
P,-10,-2,-3,-10,-12,-3,-10,-3,-11,-12,-12,0,-11,-13,9,-1,-10,-13,-12,-11
G,-1,-9,-8,-2,-9,-8,-9,6,-9,-9,-9,-1,-9,-9,3,-1,-2,-9,-9,0
D,-1,-9,4,6,-9,-8,-8,4,-8,-3,-2,-8,-9,-9,-9,-3,-8,-9,-9,-9
K,-8,4,-2,-2,0,-2,-8,-4,4,-9,-9,2,-1,2,-9,-3,2,1,6,-9
H,-9,-1,0,1,-9,2,-1,-9,10,1,-9,-8,-8,-9,-9,-8,-3,-9,-7,-9
M,-8,-9,-9,-9,2,-8,-9,-9,-9,0,5,-9,9,-1,-9,-9,-1,1,-8,-7
E,-6,0,-6,-6,-7,0,3,1,-7,1,2,0,3,-7,-7,-2,2,-7,-7,1
L,-7,-8,-8,-8,-7,-7,-8,-8,-8,3,3,-7,-6,2,-8,-7,-3,-7,0,6
A,0,3,-5,0,-6,-2,3,-1,3,-2,-3,2,-6,-6,-2,-3,1,-6,-1,1
R,-2,5,2,-6,-6,1,-2,1,3,-1,-3,2,-6,-1,0,-5,-6,-6,1,-6
S,1,5,1,3,-6,-1,1,0,-6,-2,-3,-5,-6,-6,-6,2,-5,-6,-6,-2
G,0,-3,2,0,-5,-5,-5,5,-5,-5,-2,-2,-5,-5,-2,2,-5,-5,-5,-5
A,2,-1,-1,1,-4,-1,-2,4,-4,-4,-2,0,1,-4,-4,1,0,-4,-4,-2
N,0,1,5,-4,-4,-4,-1,1,-4,-4,0,0,-4,-4,-1,0,-4,-4,-4,2
Y,0,0,-1,-4,3,0,-4,-4,-4,-1,1,-4,-4,-4,1,1,0,-4,5,2
Q,0,5,0,-7,-7,3,-2,-7,1,-7,-7,0,-7,0,-7,-3,-1,-7,2,2
I,-4,-9,-10,-10,2,-9,-10,-10,-10,5,4,-9,2,1,-10,-9,-4,-9,-8,4
K,-1,5,0,-9,-9,-2,-2,-1,5,-9,-9,5,-9,-2,-1,-2,-3,-10,-9,0
I,-2,-9,-10,-10,3,-9,-10,-10,-9,3,6,-9,-7,-8,-9,-9,0,-9,-1,1
H,1,-9,0,3,-9,-8,-8,-3,2,1,2,-3,-8,-9,-1,2,2,-10,-9,0
D,-1,-1,1,4,0,3,1,-11,-10,-12,-5,3,-11,-12,2,-4,0,3,-11,-11
G,-3,1,-3,3,-12,2,-1,5,1,-12,-3,0,-11,-12,0,2,-10,-12,-11,-11
P,1,-10,-10,3,-11,-2,3,-3,-10,-11,-11,-3,-11,-1,6,1,-10,-12,-11,-1
P,-2,1,-10,0,-12,-3,2,-11,3,-11,-5,2,-11,-1,6,-10,-3,4,-2,-2
V,-2,3,-9,-2,-9,-8,3,-9,-9,2,-1,-8,-1,0,3,-9,-8,-9,-9,4
N,-9,1,6,-3,-1,-9,1,-10,4,-11,-2,-1,1,-11,-11,4,-3,1,-10,-11
R,-2,2,1,-10,-11,-10,-11,5,-10,-2,-1,-10,-10,2,1,0,-10,3,2,-3
H,-1,-8,-8,-9,4,-8,-8,-9,9,-8,-8,-9,-8,2,-9,-2,-8,-8,6,3
R,-7,7,-7,-7,-8,-6,-7,-7,-7,-7,-7,4,2,-7,-7,-2,0,-7,-7,-7
P,-2,-9,-9,-9,-9,-8,-8,-9,-9,-9,-9,-8,3,-9,9,-8,-2,-10,-9,-9
S,3,-10,-9,-10,3,-9,-9,-9,-10,-11,-11,-9,-10,-12,2,7,-2,-12,-11,-10
V,-1,-12,-12,-12,0,-11,-12,-2,-12,5,-8,-11,-8,-10,-11,-11,-9,-12,-10,7
D,-10,-10,2,8,-12,-9,-8,-3,-10,-12,-13,-10,-12,-13,-11,0,-3,-13,-12,-12
V,-1,-3,-11,-11,-10,0,-10,-12,-11,-4,0,1,0,0,2,-2,-9,-11,1,6
L,-10,-11,-11,-12,-10,-11,-11,-12,-11,-8,5,-11,6,5,-12,-10,4,-10,-9,-9
F,-2,-12,-12,-13,-11,-12,-12,-12,-11,-9,1,-12,5,9,-12,-11,-11,-9,-7,-1
H,-2,5,-3,1,-12,-2,3,0,3,2,-1,-1,-10,-11,-11,-3,0,-12,-11,-10
S,-8,-10,0,-9,-10,-9,-9,-9,-10,-11,-12,-3,-11,-12,-10,8,-3,-12,-11,-11
V,5,-11,-11,-12,-10,-11,-11,-10,-11,2,3,-11,3,-10,-11,-9,-9,-11,-10,4
A,7,-11,-10,-11,-10,-2,-10,0,-11,-1,-1,-10,-9,-11,-10,0,-9,-12,-11,0
K,0,4,-2,-2,-12,4,4,-11,2,-11,-4,3,-1,-12,-10,-1,-10,-12,-11,-11
H,1,-2,1,-2,-1,1,1,-3,2,3,1,-10,-9,-2,-11,-2,0,2,2,1
A,3,-1,-9,-9,2,-9,-9,-9,1,-8,-8,1,-8,5,-9,-3,-3,6,6,0
G,-9,-2,-1,0,-12,-10,-4,7,-11,-12,-12,4,-11,-12,-2,-4,-2,-12,-12,-12
R,-5,4,0,3,-12,-9,1,2,-10,-3,-12,-2,-11,-11,2,3,-1,-12,1,-11
N,-10,5,6,1,1,1,1,-10,0,-12,-12,3,-11,-12,-2,-3,-10,-12,-1,-12
A,5,-8,-9,-9,4,-8,-8,-8,-9,2,0,2,-8,-8,-9,-3,-1,-9,-9,4
V,-10,-12,-12,-12,-10,-11,-12,-1,-12,6,3,-12,-8,-1,-12,-4,-10,-11,-10,5
G,5,-11,-10,-10,2,-10,-10,5,-11,-11,-11,-10,-11,-12,-10,2,-3,-12,-11,-1
V,-1,-12,-12,-12,3,-11,-12,-5,-12,4,-2,-11,1,-10,-11,-3,-9,-12,-10,7
I,-10,-12,-12,-12,-10,-11,-12,-13,-12,7,1,-12,2,-9,-12,-11,-10,-12,-10,5
L,-10,-11,-12,-13,-10,-11,-12,-13,-12,-7,7,-11,5,1,-12,-11,-10,-10,-10,-8
T,-9,-10,-9,-10,-10,-10,-10,-10,-11,-10,-10,-10,-10,-11,-10,2,8,-12,-11,-9
G,-9,-11,-9,-10,-12,-11,-11,8,-11,-13,-13,-11,-12,-12,-11,-9,-11,-12,-12,-12
M,-1,-10,-11,-12,-10,-9,-11,-3,-11,-8,-7,-10,11,-9,-11,-10,1,-11,-10,-8
G,-9,-11,0,-2,-12,-11,-11,8,-11,-13,-4,-10,-12,-12,-11,-9,-11,-12,-12,-12
N,1,4,3,3,0,1,-3,-10,0,-12,-11,0,-11,-1,-10,4,-9,-12,-11,-11
D,-11,-11,-8,9,-13,-9,-7,-10,-10,-12,-13,-10,-12,-13,-11,-9,-10,-14,-12,-12
G,-9,-11,-9,-10,-12,-11,-11,8,-11,-13,-13,-11,-12,-12,-11,-9,-11,-12,-12,-12
A,6,1,-10,-10,-10,-2,-10,-9,-10,-10,-4,-9,1,-11,-10,2,3,-12,-11,-9
A,3,3,-2,3,-11,2,1,-10,-10,-1,-2,2,-10,-11,-10,-3,-1,-12,-2,-4
G,-1,-11,-10,-10,2,-3,0,7,-11,-12,-12,-10,-1,-12,-11,-9,-10,-12,-12,-12
M,2,-11,-12,-12,2,-11,-11,-11,-12,1,5,-11,6,-1,-11,-10,-3,-11,-10,2
L,2,4,-10,-10,-11,-9,1,0,-10,-10,2,3,-9,1,-11,-9,-3,-11,-10,-2
A,3,-1,-10,1,-11,3,4,-10,-10,-3,-2,1,1,-1,-10,-3,0,-11,1,-4
M,-10,-11,-12,-12,-10,-11,-12,-13,-12,6,3,-11,6,-9,-12,-11,-10,-11,-10,4
Y,-1,5,-2,-10,-12,-8,-9,-11,3,-11,-4,6,-10,-11,-4,-9,-10,-11,2,-1
Q,2,3,-1,2,-11,4,2,-10,1,-4,-11,3,0,-2,-10,-4,-1,-12,-11,-11
A,5,3,-1,-10,1,0,0,1,-10,-11,-11,0,0,-11,-10,-8,-1,-11,-2,-4
G,-9,-11,0,-10,-12,-11,-11,8,-11,-13,-13,-2,-12,-12,-11,-1,-10,-12,-12,-12
A,2,-11,-10,-11,0,-10,-11,7,0,-11,-11,-10,-11,-1,-11,-1,-3,-11,-11,0
W,-3,2,-11,-11,-11,-4,0,-12,-10,4,1,1,2,-1,-11,-3,2,1,3,1
T,1,-11,-3,-11,2,-10,-10,-11,-11,1,-4,-10,-9,-11,-11,-3,6,-12,-11,4
I,-10,-12,-12,-13,-10,-12,-12,-13,-12,7,2,-12,2,3,-12,-11,-10,6,-9,1
A,7,-11,-10,-11,2,-10,-10,0,-11,-10,-10,-10,-10,-11,-10,-1,-1,-12,-11,1
Q,-10,-8,-9,-9,1,9,3,-11,-9,-12,-11,-8,-10,-12,-10,-4,-10,-11,-11,-11
N,-4,0,5,7,1,-9,0,-10,-10,-12,-12,-9,-11,-12,-11,3,-9,-13,-11,-12
E,0,0,-10,-8,-12,1,7,-11,-10,-12,-12,-1,-11,-12,4,-9,-10,-12,-11,-3
A,4,-2,-9,3,-11,-2,5,-4,-10,-11,-11,0,-11,-12,-10,-1,1,-12,-11,-10
S,-8,-10,-8,2,-10,-9,-2,-10,-10,-11,-11,-9,-10,-12,-10,6,6,-12,-11,-10
C,3,-11,-10,-11,10,-10,-11,-10,-11,-11,-11,-10,-10,-11,-11,5,-9,-12,-11,-10
V,1,-2,-11,-11,-10,-10,1,-11,-11,2,-8,-2,2,-10,-11,-10,-9,-12,-10,7
V,-1,-12,-12,-12,3,-11,-11,-12,-11,2,-8,-11,-8,-1,-11,-3,-9,-11,3,7
F,-1,-11,-11,1,-11,-10,-10,-11,-9,-10,-10,-2,-10,6,1,0,-10,6,7,-10
G,-9,-11,-9,-2,-11,-10,-11,7,-11,-2,-12,-10,-11,-12,-11,3,-10,-12,-12,-11
M,-10,-10,-11,-12,-10,-9,-11,-12,-11,-2,-7,-10,12,-9,-12,-11,-10,-11,-10,-8
P,-10,-11,-11,-11,-12,-10,-10,-11,-11,-12,-12,-10,-12,-13,9,-10,-10,-13,-12,-11
R,-10,5,-1,0,-12,-1,0,1,-10,-11,-5,5,3,-11,-11,-9,-2,-11,-1,-11
E,5,1,1,-10,-10,-9,3,-3,-10,-2,-11,-9,-10,-11,-10,3,-2,-12,-11,0
A,7,-11,-11,-11,-9,-10,-10,-9,-11,-1,-2,-10,-9,-11,-10,-8,-9,-12,-11,3
I,2,1,-11,-12,0,-11,-11,-12,-11,6,-3,-1,-8,0,-11,-10,-9,-11,0,4
N,2,0,1,3,-12,-2,5,-2,-10,-12,-4,3,-11,-12,-10,-2,-3,-12,-11,-11
M,4,2,-10,-11,-10,-9,-1,-10,1,1,0,-9,5,-10,-10,-2,4,-11,-10,-9
G,-9,-3,3,-2,-12,-10,-2,7,-10,-12,-12,-1,-11,-12,-11,-3,-10,-12,-12,-2
G,3,-11,-2,-2,1,-10,-11,2,1,0,3,-3,-1,-1,-1,-9,-2,-11,2,-2
V,4,-11,-11,-11,3,-11,-11,-11,2,3,-9,-11,-9,-10,-11,0,-9,-12,-10,6
S,-10,-10,-1,7,-12,-9,2,-2,3,-11,-3,-9,-11,-12,-10,2,-2,-12,-11,-1
E,0,-4,-10,1,-11,0,3,-11,0,-3,-1,2,-10,3,-11,-1,-4,3,5,-3
V,-3,-2,0,-2,-10,1,-3,-12,-11,6,-4,-10,-8,-10,-1,-10,-9,-12,-10,6
V,1,-10,-12,-12,-10,-10,-4,-12,-11,-2,5,0,3,-9,-11,-10,-3,-11,-1,3
D,-9,-11,-10,-1,-11,-10,-5,-2,3,-12,-12,-10,-11,-12,7,3,0,-12,-11,-11
L,-2,-11,-12,-12,-10,-11,-12,-4,-12,2,6,-11,-7,-9,3,-11,-10,-11,-10,0
S,-5,1,-1,4,-12,1,4,-5,2,-12,-12,1,-11,0,-10,2,-9,-11,1,-11
Q,-3,2,-2,2,-12,3,5,-11,1,-12,-4,3,-10,-12,-10,0,-10,-12,-11,-11
V,-10,-12,-12,-12,-10,-11,-12,-13,-12,8,2,-11,5,-9,-12,-11,-10,-11,-10,0
S,5,-10,-10,-10,-10,-10,-10,3,-11,-11,-11,-1,-11,-12,4,1,-2,-12,-11,-3
Q,3,-4,-9,1,-11,2,5,-10,-10,-12,-11,1,-11,-12,4,-1,-9,-12,-1,-11
Q,1,3,-2,-7,-8,1,4,-8,4,-2,0,-2,-7,-8,-8,0,0,3,1,-8
M,-8,-9,-9,-9,-8,-9,-9,-9,-9,7,4,-9,5,-1,-9,-9,-8,-9,-8,0
L,0,-2,-11,-12,-10,-10,-11,-12,-11,4,3,-2,4,-9,-11,-10,-3,-11,-10,5
A,3,1,2,1,-9,1,3,-8,-8,-9,-9,4,-8,-9,-8,-3,-8,-9,-9,0
K,-8,4,0,-8,-9,3,1,-9,3,-8,-1,2,-8,4,-9,-2,-3,2,3,-8
I,0,-11,-11,-11,-9,-10,-11,-11,-11,5,4,-10,-7,-8,-11,-10,-2,-10,-9,4
S,4,-9,0,2,-9,-8,1,-8,-9,-9,-10,-8,-9,-10,-9,4,4,-11,-10,-9
A,6,4,-7,-8,-8,-7,-7,0,-8,-9,-9,-6,-8,-9,-8,3,-7,-9,-9,-8
G,-6,6,-6,-7,-9,-6,2,5,-7,-9,-9,-5,-8,-9,-8,-6,-7,-9,-8,-9
Q,-6,6,-6,-5,-9,5,4,-8,-5,-8,-8,-4,-7,-9,-7,-6,-6,-8,-7,-8
A,6,-6,-6,-6,-6,-6,-6,-5,-7,-6,-6,-6,-6,-7,-6,4,-4,-8,-7,1
I,-5,-6,-6,-6,-5,-6,-6,-7,-6,4,5,-6,-2,-4,-6,-5,3,-6,-5,-2
R,-4,7,-4,-5,-6,-3,-4,-5,-4,-6,-6,-2,-5,-6,-5,4,-4,-6,-5,-6
